file,image_url,image_src,dest,action,note
/home/ubuntu/pythonProjects/k8s-101-workshop/content/03_participanttasks/03_02_k8sindepth/03_02_05_upgrades/index.md,https://kubernetes.io/docs/tutorials/kubernetes-basics/public/images/module_06_rollingupdates3.svg,NOT FOUND,,missing,leaf
/home/ubuntu/pythonProjects/k8s-101-workshop/content/03_participanttasks/03_01_k8sinstall/03_01_02_k8sinstall/index.md,../../images/K8s%20workshopafter-101.png,/home/ubuntu/pythonProjects/k8s-101-workshop/content/03_participanttasks/03_01_k8sinstall/../../images/K8s workshopafter-101.png,/home/ubuntu/pythonProjects/k8s-101-workshop/content/03_participanttasks/03_01_k8sinstall/03_01_02_k8sinstall/K8s%20workshopafter-101.png,dry-run,leaf
/home/ubuntu/pythonProjects/k8s-101-workshop/content/03_participanttasks/03_01_k8sinstall/03_01_02_k8sinstall/index.md,K8s%20workshopafter-101.png,/home/ubuntu/pythonProjects/k8s-101-workshop/content/images/K8s workshopafter-101.png,/home/ubuntu/pythonProjects/k8s-101-workshop/content/images/K8s workshopafter-101.png,shortcode-ok,figure-shortcode
/home/ubuntu/pythonProjects/k8s-101-workshop/content/02_quickstart_overview_faq/02_01_quickstart/02_01_03_terraform/index.md,../../images/K8s%20workshop-101.png,/home/ubuntu/pythonProjects/k8s-101-workshop/content/02_quickstart_overview_faq/02_01_quickstart/../../images/K8s workshop-101.png,/home/ubuntu/pythonProjects/k8s-101-workshop/content/02_quickstart_overview_faq/02_01_quickstart/02_01_03_terraform/K8s%20workshop-101.png,dry-run,leaf
/home/ubuntu/pythonProjects/k8s-101-workshop/content/02_quickstart_overview_faq/02_01_quickstart/02_01_03_terraform/index.md,../../images/terraform1.png,/home/ubuntu/pythonProjects/k8s-101-workshop/content/02_quickstart_overview_faq/02_01_quickstart/../../images/terraform1.png,/home/ubuntu/pythonProjects/k8s-101-workshop/content/02_quickstart_overview_faq/02_01_quickstart/02_01_03_terraform/terraform1.png,dry-run,leaf
/home/ubuntu/pythonProjects/k8s-101-workshop/content/02_quickstart_overview_faq/02_01_quickstart/02_01_03_terraform/index.md,../../images/terraform2.png,/home/ubuntu/pythonProjects/k8s-101-workshop/content/02_quickstart_overview_faq/02_01_quickstart/../../images/terraform2.png,/home/ubuntu/pythonProjects/k8s-101-workshop/content/02_quickstart_overview_faq/02_01_quickstart/02_01_03_terraform/terraform2.png,dry-run,leaf
/home/ubuntu/pythonProjects/k8s-101-workshop/content/02_quickstart_overview_faq/02_01_quickstart/02_01_03_terraform/index.md,../../images/terraformoutput.png,/home/ubuntu/pythonProjects/k8s-101-workshop/content/02_quickstart_overview_faq/02_01_quickstart/../../images/terraformoutput.png,/home/ubuntu/pythonProjects/k8s-101-workshop/content/02_quickstart_overview_faq/02_01_quickstart/02_01_03_terraform/terraformoutput.png,dry-run,leaf
/home/ubuntu/pythonProjects/k8s-101-workshop/content/02_quickstart_overview_faq/02_01_quickstart/02_01_03_terraform/index.md,output.png,/home/ubuntu/pythonProjects/k8s-101-workshop/content/02_quickstart_overview_faq/02_01_quickstart/output.png,/home/ubuntu/pythonProjects/k8s-101-workshop/content/02_quickstart_overview_faq/02_01_quickstart/02_01_03_terraform/output.png,dry-run,leaf
/home/ubuntu/pythonProjects/k8s-101-workshop/content/02_quickstart_overview_faq/02_01_quickstart/02_01_03_terraform/index.md,linux_passwd.png,/home/ubuntu/pythonProjects/k8s-101-workshop/content/02_quickstart_overview_faq/02_01_quickstart/linux_passwd.png,/home/ubuntu/pythonProjects/k8s-101-workshop/content/02_quickstart_overview_faq/02_01_quickstart/02_01_03_terraform/linux_passwd.png,dry-run,leaf
/home/ubuntu/pythonProjects/k8s-101-workshop/content/02_quickstart_overview_faq/02_01_quickstart/02_01_03_terraform/index.md,K8s%20workshop-101.png,/home/ubuntu/pythonProjects/k8s-101-workshop/content/images/K8s workshop-101.png,/home/ubuntu/pythonProjects/k8s-101-workshop/content/images/K8s workshop-101.png,shortcode-ok,figure-shortcode
/home/ubuntu/pythonProjects/k8s-101-workshop/content/02_quickstart_overview_faq/02_01_quickstart/02_01_03_terraform/index.md,terraform1.png,/home/ubuntu/pythonProjects/k8s-101-workshop/content/images/terraform1.png,/home/ubuntu/pythonProjects/k8s-101-workshop/content/images/terraform1.png,shortcode-ok,figure-shortcode
/home/ubuntu/pythonProjects/k8s-101-workshop/content/02_quickstart_overview_faq/02_01_quickstart/02_01_03_terraform/index.md,terraform2.png,/home/ubuntu/pythonProjects/k8s-101-workshop/content/images/terraform2.png,/home/ubuntu/pythonProjects/k8s-101-workshop/content/images/terraform2.png,shortcode-ok,figure-shortcode
/home/ubuntu/pythonProjects/k8s-101-workshop/content/02_quickstart_overview_faq/02_01_quickstart/02_01_03_terraform/index.md,terraformoutput.png,/home/ubuntu/pythonProjects/k8s-101-workshop/content/images/terraformoutput.png,/home/ubuntu/pythonProjects/k8s-101-workshop/content/images/terraformoutput.png,shortcode-ok,figure-shortcode
/home/ubuntu/pythonProjects/k8s-101-workshop/content/02_quickstart_overview_faq/02_01_quickstart/02_01_03_terraform/index.md,output.png,/home/ubuntu/pythonProjects/k8s-101-workshop/content/02_quickstart_overview_faq/02_01_quickstart/output.png,/home/ubuntu/pythonProjects/k8s-101-workshop/content/02_quickstart_overview_faq/02_01_quickstart/output.png,shortcode-ok,figure-shortcode
/home/ubuntu/pythonProjects/k8s-101-workshop/content/02_quickstart_overview_faq/02_01_quickstart/02_01_03_terraform/index.md,linux_passwd.png,/home/ubuntu/pythonProjects/k8s-101-workshop/content/02_quickstart_overview_faq/02_01_quickstart/linux_passwd.png,/home/ubuntu/pythonProjects/k8s-101-workshop/content/02_quickstart_overview_faq/02_01_quickstart/linux_passwd.png,shortcode-ok,figure-shortcode
/home/ubuntu/pythonProjects/k8s-101-workshop/content/02_quickstart_overview_faq/02_01_quickstart/02_01_02_cloudshell/index.md,../../images/cloudshell-01.jpg,/home/ubuntu/pythonProjects/k8s-101-workshop/content/02_quickstart_overview_faq/02_01_quickstart/../../images/cloudshell-01.jpg,/home/ubuntu/pythonProjects/k8s-101-workshop/content/02_quickstart_overview_faq/02_01_quickstart/02_01_02_cloudshell/cloudshell-01.jpg,dry-run,leaf
/home/ubuntu/pythonProjects/k8s-101-workshop/content/02_quickstart_overview_faq/02_01_quickstart/02_01_02_cloudshell/index.md,../../images/cloudshell-02.jpg,/home/ubuntu/pythonProjects/k8s-101-workshop/content/02_quickstart_overview_faq/02_01_quickstart/../../images/cloudshell-02.jpg,/home/ubuntu/pythonProjects/k8s-101-workshop/content/02_quickstart_overview_faq/02_01_quickstart/02_01_02_cloudshell/cloudshell-02.jpg,dry-run,leaf
/home/ubuntu/pythonProjects/k8s-101-workshop/content/02_quickstart_overview_faq/02_01_quickstart/02_01_02_cloudshell/index.md,../../images/cloudshell-03.jpg,/home/ubuntu/pythonProjects/k8s-101-workshop/content/02_quickstart_overview_faq/02_01_quickstart/../../images/cloudshell-03.jpg,/home/ubuntu/pythonProjects/k8s-101-workshop/content/02_quickstart_overview_faq/02_01_quickstart/02_01_02_cloudshell/cloudshell-03.jpg,dry-run,leaf
/home/ubuntu/pythonProjects/k8s-101-workshop/content/02_quickstart_overview_faq/02_01_quickstart/02_01_02_cloudshell/index.md,../../images/cloudshell-04.jpg,/home/ubuntu/pythonProjects/k8s-101-workshop/content/02_quickstart_overview_faq/02_01_quickstart/../../images/cloudshell-04.jpg,/home/ubuntu/pythonProjects/k8s-101-workshop/content/02_quickstart_overview_faq/02_01_quickstart/02_01_02_cloudshell/cloudshell-04.jpg,dry-run,leaf
/home/ubuntu/pythonProjects/k8s-101-workshop/content/02_quickstart_overview_faq/02_01_quickstart/02_01_02_cloudshell/index.md,../../images/cloudshell-05.jpg,/home/ubuntu/pythonProjects/k8s-101-workshop/content/02_quickstart_overview_faq/02_01_quickstart/../../images/cloudshell-05.jpg,/home/ubuntu/pythonProjects/k8s-101-workshop/content/02_quickstart_overview_faq/02_01_quickstart/02_01_02_cloudshell/cloudshell-05.jpg,dry-run,leaf
/home/ubuntu/pythonProjects/k8s-101-workshop/content/02_quickstart_overview_faq/02_01_quickstart/02_01_02_cloudshell/index.md,../../images/cloudshell-06.png,/home/ubuntu/pythonProjects/k8s-101-workshop/content/02_quickstart_overview_faq/02_01_quickstart/../../images/cloudshell-06.png,/home/ubuntu/pythonProjects/k8s-101-workshop/content/02_quickstart_overview_faq/02_01_quickstart/02_01_02_cloudshell/cloudshell-06.png,dry-run,leaf
/home/ubuntu/pythonProjects/k8s-101-workshop/content/02_quickstart_overview_faq/02_01_quickstart/02_01_02_cloudshell/index.md,../../images/cloudshell-07.png,/home/ubuntu/pythonProjects/k8s-101-workshop/content/02_quickstart_overview_faq/02_01_quickstart/../../images/cloudshell-07.png,/home/ubuntu/pythonProjects/k8s-101-workshop/content/02_quickstart_overview_faq/02_01_quickstart/02_01_02_cloudshell/cloudshell-07.png,dry-run,leaf
/home/ubuntu/pythonProjects/k8s-101-workshop/content/02_quickstart_overview_faq/02_01_quickstart/02_01_02_cloudshell/index.md,../../images/cloudshell-08.png,/home/ubuntu/pythonProjects/k8s-101-workshop/content/02_quickstart_overview_faq/02_01_quickstart/../../images/cloudshell-08.png,/home/ubuntu/pythonProjects/k8s-101-workshop/content/02_quickstart_overview_faq/02_01_quickstart/02_01_02_cloudshell/cloudshell-08.png,dry-run,leaf
/home/ubuntu/pythonProjects/k8s-101-workshop/content/02_quickstart_overview_faq/02_01_quickstart/02_01_02_cloudshell/index.md,../../images/cloudshell-09.png,/home/ubuntu/pythonProjects/k8s-101-workshop/content/02_quickstart_overview_faq/02_01_quickstart/../../images/cloudshell-09.png,/home/ubuntu/pythonProjects/k8s-101-workshop/content/02_quickstart_overview_faq/02_01_quickstart/02_01_02_cloudshell/cloudshell-09.png,dry-run,leaf
/home/ubuntu/pythonProjects/k8s-101-workshop/content/02_quickstart_overview_faq/02_01_quickstart/02_01_02_cloudshell/index.md,../../images/cloudshell-10.png,/home/ubuntu/pythonProjects/k8s-101-workshop/content/02_quickstart_overview_faq/02_01_quickstart/../../images/cloudshell-10.png,/home/ubuntu/pythonProjects/k8s-101-workshop/content/02_quickstart_overview_faq/02_01_quickstart/02_01_02_cloudshell/cloudshell-10.png,dry-run,leaf
/home/ubuntu/pythonProjects/k8s-101-workshop/content/02_quickstart_overview_faq/02_01_quickstart/02_01_02_cloudshell/index.md,cloudshell-01.jpg,/home/ubuntu/pythonProjects/k8s-101-workshop/content/images/cloudshell-01.jpg,/home/ubuntu/pythonProjects/k8s-101-workshop/content/images/cloudshell-01.jpg,shortcode-ok,figure-shortcode
/home/ubuntu/pythonProjects/k8s-101-workshop/content/02_quickstart_overview_faq/02_01_quickstart/02_01_02_cloudshell/index.md,cloudshell-02.jpg,/home/ubuntu/pythonProjects/k8s-101-workshop/content/images/cloudshell-02.jpg,/home/ubuntu/pythonProjects/k8s-101-workshop/content/images/cloudshell-02.jpg,shortcode-ok,figure-shortcode
/home/ubuntu/pythonProjects/k8s-101-workshop/content/02_quickstart_overview_faq/02_01_quickstart/02_01_02_cloudshell/index.md,cloudshell-03.jpg,/home/ubuntu/pythonProjects/k8s-101-workshop/content/images/cloudshell-03.jpg,/home/ubuntu/pythonProjects/k8s-101-workshop/content/images/cloudshell-03.jpg,shortcode-ok,figure-shortcode
/home/ubuntu/pythonProjects/k8s-101-workshop/content/02_quickstart_overview_faq/02_01_quickstart/02_01_02_cloudshell/index.md,cloudshell-04.jpg,/home/ubuntu/pythonProjects/k8s-101-workshop/content/images/cloudshell-04.jpg,/home/ubuntu/pythonProjects/k8s-101-workshop/content/images/cloudshell-04.jpg,shortcode-ok,figure-shortcode
/home/ubuntu/pythonProjects/k8s-101-workshop/content/02_quickstart_overview_faq/02_01_quickstart/02_01_02_cloudshell/index.md,cloudshell-05.jpg,/home/ubuntu/pythonProjects/k8s-101-workshop/content/images/cloudshell-05.jpg,/home/ubuntu/pythonProjects/k8s-101-workshop/content/images/cloudshell-05.jpg,shortcode-ok,figure-shortcode
/home/ubuntu/pythonProjects/k8s-101-workshop/content/02_quickstart_overview_faq/02_01_quickstart/02_01_02_cloudshell/index.md,cloudshell-06.png,/home/ubuntu/pythonProjects/k8s-101-workshop/content/images/cloudshell-06.png,/home/ubuntu/pythonProjects/k8s-101-workshop/content/images/cloudshell-06.png,shortcode-ok,figure-shortcode
/home/ubuntu/pythonProjects/k8s-101-workshop/content/02_quickstart_overview_faq/02_01_quickstart/02_01_02_cloudshell/index.md,cloudshell-07.png,/home/ubuntu/pythonProjects/k8s-101-workshop/content/images/cloudshell-07.png,/home/ubuntu/pythonProjects/k8s-101-workshop/content/images/cloudshell-07.png,shortcode-ok,figure-shortcode
/home/ubuntu/pythonProjects/k8s-101-workshop/content/02_quickstart_overview_faq/02_01_quickstart/02_01_02_cloudshell/index.md,cloudshell-08.png,/home/ubuntu/pythonProjects/k8s-101-workshop/content/images/cloudshell-08.png,/home/ubuntu/pythonProjects/k8s-101-workshop/content/images/cloudshell-08.png,shortcode-ok,figure-shortcode
/home/ubuntu/pythonProjects/k8s-101-workshop/content/02_quickstart_overview_faq/02_01_quickstart/02_01_02_cloudshell/index.md,cloudshell-09.png,/home/ubuntu/pythonProjects/k8s-101-workshop/content/images/cloudshell-09.png,/home/ubuntu/pythonProjects/k8s-101-workshop/content/images/cloudshell-09.png,shortcode-ok,figure-shortcode
/home/ubuntu/pythonProjects/k8s-101-workshop/content/02_quickstart_overview_faq/02_01_quickstart/02_01_02_cloudshell/index.md,cloudshell-10.png,/home/ubuntu/pythonProjects/k8s-101-workshop/content/images/cloudshell-10.png,/home/ubuntu/pythonProjects/k8s-101-workshop/content/images/cloudshell-10.png,shortcode-ok,figure-shortcode
/home/ubuntu/pythonProjects/k8s-101-workshop/content/Kubernetes-vs-Docker.jpg,,/home/ubuntu/pythonProjects/k8s-101-workshop/content/Kubernetes-vs-Docker.jpg,,unused-dry-run,unused
/home/ubuntu/pythonProjects/k8s-101-workshop/content/images/container.png,,/home/ubuntu/pythonProjects/k8s-101-workshop/content/images/container.png,,unused-dry-run,unused
/home/ubuntu/pythonProjects/k8s-101-workshop/content/images/deployment_replicaset_pod.png,,/home/ubuntu/pythonProjects/k8s-101-workshop/content/images/deployment_replicaset_pod.png,,unused-dry-run,unused
